metric,sample_us
task_dispatch,13507
task_dispatch,34358
task_dispatch,34780
task_dispatch,34723
task_dispatch,33747
task_dispatch,30839
task_dispatch,12488
task_dispatch,12906
task_dispatch,33034
task_dispatch,34062
task_dispatch,31542
task_dispatch,14079
task_dispatch,32470
task_dispatch,32675
task_dispatch,34024
task_dispatch,35610
task_dispatch,34460
task_dispatch,30906
task_dispatch,34373
task_dispatch,34455
task_dispatch,33349
task_dispatch,32674
task_dispatch,34030
task_dispatch,31110
task_dispatch,36140
task_dispatch,33719
task_dispatch,31724
task_dispatch,33299
task_dispatch,30849
task_dispatch,35169
task_dispatch,32259
task_dispatch,32323
task_dispatch,31343
task_dispatch,13533
task_dispatch,33483
task_dispatch,32132
task_dispatch,35121
task_dispatch,32549
task_dispatch,31718
task_dispatch,34162
task_dispatch,31856
task_dispatch,34044
task_dispatch,34857
task_dispatch,35673
task_dispatch,31884
task_dispatch,32655
task_dispatch,30536
task_dispatch,34063
task_dispatch,34908
task_dispatch,30876
task_dispatch,11840
task_dispatch,15411
task_dispatch,31156
task_dispatch,34151
task_dispatch,31406
task_dispatch,11919
task_dispatch,35199
task_dispatch,33405
task_dispatch,34362
task_dispatch,34765
task_dispatch,33283
task_dispatch,34360
task_dispatch,33005
task_dispatch,33589
task_dispatch,31977
task_dispatch,14107
task_dispatch,33661
task_dispatch,32269
task_dispatch,31685
task_dispatch,31381
task_dispatch,13415
task_dispatch,33794
task_dispatch,33783
task_dispatch,32979
task_dispatch,34171
task_dispatch,29746
task_dispatch,11993
task_dispatch,13490
task_dispatch,33903
task_dispatch,33220
task_dispatch,34015
task_dispatch,33243
task_dispatch,32151
task_dispatch,12015
task_dispatch,12954
task_dispatch,14474
task_dispatch,32555
task_dispatch,32141
task_dispatch,32507
task_dispatch,31749
task_dispatch,12706
task_dispatch,34222
task_dispatch,35521
task_dispatch,31550
task_dispatch,33100
task_dispatch,32549
task_dispatch,13604
task_dispatch,33344
task_dispatch,33904
task_dispatch,31305
task_dispatch,33497
task_dispatch,32542
task_dispatch,35022
task_dispatch,31376
task_dispatch,33915
task_dispatch,32407
task_dispatch,15115
task_dispatch,31983
task_dispatch,33005
task_dispatch,32592
task_dispatch,31282
task_dispatch,15332
task_dispatch,31929
task_dispatch,31833
task_dispatch,33093
task_dispatch,31408
task_dispatch,31417
task_dispatch,13026
task_dispatch,32048
task_dispatch,16051
task_dispatch,34158
task_dispatch,31841
task_dispatch,35142
task_dispatch,31710
task_dispatch,35823
task_dispatch,35360
task_dispatch,29846
task_dispatch,12748
task_dispatch,32861
task_dispatch,34868
task_dispatch,35480
task_dispatch,31067
task_dispatch,13622
task_dispatch,33818
task_dispatch,33343
task_dispatch,33831
task_dispatch,34399
task_dispatch,33910
task_dispatch,34165
task_dispatch,32883
task_dispatch,31095
task_dispatch,30863
task_dispatch,34517
task_dispatch,32483
task_dispatch,34015
task_dispatch,36126
task_dispatch,31456
task_dispatch,34487
task_dispatch,31653
task_dispatch,33079
task_dispatch,32250
task_dispatch,12026
task_dispatch,14069
task_dispatch,35351
task_dispatch,31774
task_dispatch,33277
task_dispatch,32545
task_dispatch,36328
task_dispatch,31060
task_dispatch,34371
task_dispatch,32538
task_dispatch,35512
task_dispatch,33157
task_dispatch,35334
task_dispatch,31754
task_dispatch,33093
task_dispatch,32706
task_dispatch,34610
task_dispatch,32479
task_dispatch,34801
task_dispatch,32369
task_dispatch,32969
task_dispatch,32832
task_dispatch,32438
task_dispatch,32773
task_dispatch,34944
task_dispatch,29801
task_dispatch,15208
task_dispatch,33888
task_dispatch,32358
task_dispatch,34574
task_dispatch,32648
task_dispatch,35381
task_dispatch,34157
task_dispatch,33263
task_dispatch,31242
task_dispatch,32984
task_dispatch,34358
task_dispatch,31096
task_dispatch,33960
task_dispatch,31619
task_dispatch,33257
task_dispatch,31466
task_dispatch,33856
task_dispatch,33779
task_dispatch,15163
task_dispatch,30643
task_dispatch,35090
task_dispatch,30979
task_dispatch,36472
task_dispatch,30864
task_dispatch,35903
task_dispatch,33121
task_dispatch,30636
task_dispatch,33214
task_dispatch,15015
task_dispatch,31791
task_dispatch,35319
task_dispatch,32422
task_dispatch,33221
task_dispatch,34533
task_dispatch,31469
task_dispatch,31023
task_dispatch,14093
task_dispatch,33725
task_dispatch,32105
task_dispatch,35550
task_dispatch,31770
task_dispatch,33774
task_dispatch,32677
task_dispatch,35867
task_dispatch,33059
task_dispatch,32996
task_dispatch,33857
task_dispatch,34711
task_dispatch,30840
task_dispatch,14435
task_dispatch,33599
task_dispatch,33180
task_dispatch,33415
task_dispatch,34089
task_dispatch,33354
task_dispatch,31951
task_dispatch,11920
task_dispatch,15243
task_dispatch,30762
task_dispatch,15024
task_dispatch,33949
task_dispatch,32068
task_dispatch,33055
task_dispatch,31868
task_dispatch,33121
task_dispatch,33823
task_dispatch,33128
task_dispatch,33008
task_dispatch,34152
task_dispatch,32342
task_dispatch,33509
task_dispatch,32989
task_dispatch,30955
task_dispatch,34413
task_dispatch,32590
task_dispatch,31008
task_dispatch,36657
task_dispatch,34486
task_dispatch,31898
task_dispatch,33212
task_dispatch,32781
task_dispatch,34553
task_dispatch,32441
task_dispatch,34215
task_dispatch,31735
task_dispatch,31991
task_dispatch,33558
task_dispatch,34484
task_dispatch,29998
task_dispatch,13925
task_dispatch,34074
task_dispatch,30940
task_dispatch,35543
task_dispatch,30771
task_dispatch,14635
task_dispatch,32514
task_dispatch,34751
task_dispatch,30878
task_dispatch,35154
task_dispatch,33430
task_dispatch,34333
task_dispatch,30997
task_dispatch,11994
task_dispatch,35577
task_dispatch,34561
task_dispatch,30878
task_dispatch,35144
task_dispatch,32356
task_dispatch,32470
task_dispatch,13988
task_dispatch,33047
task_dispatch,33690
task_dispatch,31169
task_dispatch,33515
task_dispatch,36842
task_dispatch,34132
task_dispatch,32246
task_dispatch,34627
task_dispatch,33764
task_dispatch,32007
task_dispatch,33044
task_dispatch,33572
task_dispatch,31380
task_dispatch,34023
task_dispatch,32003
task_dispatch,34225
task_dispatch,35679
task_dispatch,34399
task_dispatch,32645
task_dispatch,34217
task_dispatch,32437
task_dispatch,33315
task_dispatch,33440
task_dispatch,33575
task_dispatch,33502
task_dispatch,31551
task_dispatch,13018
task_dispatch,32210
task_dispatch,32925
task_dispatch,33334
task_dispatch,34753
task_dispatch,33631
task_dispatch,34324
task_dispatch,33761
task_dispatch,34172
task_dispatch,33128
task_dispatch,30729
task_dispatch,30995
task_dispatch,13010
task_dispatch,34900
task_dispatch,31946
task_dispatch,34323
task_dispatch,32390
task_dispatch,33390
task_dispatch,35196
task_dispatch,29853
task_dispatch,11916
task_dispatch,35150
task_dispatch,32393
task_dispatch,32469
task_dispatch,30994
task_dispatch,35719
task_dispatch,32393
task_dispatch,32093
task_dispatch,33160
task_dispatch,33722
task_dispatch,32933
task_dispatch,32464
task_dispatch,34615
task_dispatch,33190
task_dispatch,36086
task_dispatch,33164
task_dispatch,33734
task_dispatch,32896
task_dispatch,31858
task_dispatch,34323
task_dispatch,35153
task_dispatch,32190
task_dispatch,34481
task_dispatch,31296
task_dispatch,35396
task_dispatch,31563
task_dispatch,36867
task_dispatch,31808
task_dispatch,30963
task_dispatch,37231
task_dispatch,33589
task_dispatch,32924
task_dispatch,30130
task_dispatch,35706
task_dispatch,32297
task_dispatch,35335
task_dispatch,31781
task_dispatch,32236
task_dispatch,11640
task_dispatch,35420
task_dispatch,29576
task_dispatch,34991
task_dispatch,33342
task_dispatch,34446
task_dispatch,34329
task_dispatch,35460
task_dispatch,13808
task_dispatch,33801
task_dispatch,33809
task_dispatch,31003
task_dispatch,14333
task_dispatch,31147
task_dispatch,31730
task_dispatch,11794
task_dispatch,15460
task_dispatch,33427
task_dispatch,32379
task_dispatch,34981
task_dispatch,32930
task_dispatch,35006
task_dispatch,30794
task_dispatch,33271
task_dispatch,34979
task_dispatch,30762
task_dispatch,15010
task_dispatch,32386
task_dispatch,34783
task_dispatch,30863
task_dispatch,11956
task_dispatch,14988
task_dispatch,30977
task_dispatch,33638
task_dispatch,33357
task_dispatch,32580
task_dispatch,33672
task_dispatch,34789
task_dispatch,31842
task_dispatch,34372
task_dispatch,31878
task_dispatch,33443
task_dispatch,32918
task_dispatch,13869
task_dispatch,32965
task_dispatch,31779
task_dispatch,32917
task_dispatch,33403
task_dispatch,33777
task_dispatch,32125
task_dispatch,35366
task_dispatch,35457
task_dispatch,32911
task_dispatch,33728
task_dispatch,32541
task_dispatch,29668
task_dispatch,14163
task_dispatch,30852
task_dispatch,34200
task_dispatch,34687
task_dispatch,32575
task_dispatch,33929
task_dispatch,35717
task_dispatch,29853
task_dispatch,14025
task_dispatch,32093
task_dispatch,34859
task_dispatch,31056
task_dispatch,34208
task_dispatch,34512
task_dispatch,32868
task_dispatch,35577
task_dispatch,29814
task_dispatch,34872
task_dispatch,33165
task_dispatch,33160
task_dispatch,30797
task_dispatch,13917
task_dispatch,34896
task_dispatch,34515
task_dispatch,33790
task_dispatch,30922
task_dispatch,15158
task_dispatch,33786
task_dispatch,32060
task_dispatch,33096
task_dispatch,32330
task_dispatch,32843
task_dispatch,31736
task_dispatch,11935
task_dispatch,34001
task_dispatch,13757
task_dispatch,33256
task_dispatch,34305
task_dispatch,31801
task_dispatch,33867
task_dispatch,33919
task_dispatch,32300
task_dispatch,32851
task_dispatch,34014
task_dispatch,29954
task_dispatch,35414
task_dispatch,30569
task_dispatch,14216
task_dispatch,31138
task_dispatch,34635
task_dispatch,36307
task_dispatch,33701
task_dispatch,32051
task_dispatch,30916
task_dispatch,35551
task_dispatch,32479
task_dispatch,37428
task_dispatch,30567
task_dispatch,14407
task_dispatch,31606
task_dispatch,12889
task_dispatch,32071
task_dispatch,34227
task_dispatch,33796
task_dispatch,33613
task_dispatch,34419
task_dispatch,30927
task_dispatch,35091
task_dispatch,33427
task_dispatch,33563
task_dispatch,31587
task_dispatch,14574
task_dispatch,32945
event_flow,663
event_flow,256
event_flow,246
event_flow,242
event_flow,230
event_flow,210
event_flow,229
event_flow,138
event_flow,124
event_flow,114
event_flow,109
event_flow,124
event_flow,104
event_flow,109
event_flow,108
event_flow,108
event_flow,115
event_flow,127
event_flow,218
event_flow,127
event_flow,118
event_flow,104
event_flow,122
event_flow,106
event_flow,96
event_flow,185
event_flow,111
event_flow,98
event_flow,104
event_flow,96
event_flow,100
event_flow,101
event_flow,108
event_flow,99
event_flow,99
event_flow,93
event_flow,104
event_flow,102
event_flow,104
event_flow,98
event_flow,103
event_flow,109
event_flow,99
event_flow,89
event_flow,95
event_flow,90
event_flow,95
event_flow,87
event_flow,91
event_flow,91
event_flow,101
event_flow,96
event_flow,93
event_flow,91
event_flow,86
event_flow,165
event_flow,89
event_flow,96
event_flow,93
event_flow,92
event_flow,102
event_flow,99
event_flow,93
event_flow,386
event_flow,420
event_flow,241
event_flow,289
event_flow,214
event_flow,191
event_flow,200
event_flow,243
event_flow,175
event_flow,141
event_flow,164
event_flow,152
event_flow,140
event_flow,130
event_flow,161
event_flow,145
event_flow,116
event_flow,138
event_flow,160
event_flow,135
event_flow,108
event_flow,151
event_flow,147
event_flow,130
event_flow,138
event_flow,135
event_flow,123
event_flow,135
event_flow,162
event_flow,157
event_flow,126
event_flow,145
event_flow,140
event_flow,118
event_flow,115
event_flow,153
event_flow,109
event_flow,133
event_flow,151
event_flow,119
event_flow,120
event_flow,125
event_flow,145
event_flow,115
event_flow,119
event_flow,133
event_flow,130
event_flow,128
event_flow,127
event_flow,128
event_flow,136
event_flow,109
event_flow,129
event_flow,129
event_flow,138
event_flow,129
event_flow,100
event_flow,133
event_flow,115
event_flow,87
event_flow,107
event_flow,92
event_flow,143
event_flow,121
event_flow,125
event_flow,122
event_flow,118
event_flow,107
event_flow,119
event_flow,99
event_flow,96
event_flow,114
event_flow,108
event_flow,111
event_flow,133
event_flow,97
event_flow,110
event_flow,124
event_flow,126
event_flow,96
event_flow,133
event_flow,131
event_flow,102
event_flow,115
event_flow,184
event_flow,110
event_flow,122
event_flow,123
event_flow,113
event_flow,115
event_flow,162
event_flow,105
event_flow,100
event_flow,105
event_flow,129
event_flow,109
event_flow,104
event_flow,112
event_flow,93
event_flow,96
event_flow,115
event_flow,85
event_flow,120
event_flow,103
event_flow,117
event_flow,112
event_flow,124
event_flow,96
event_flow,120
event_flow,166
event_flow,108
event_flow,110
event_flow,109
event_flow,111
event_flow,93
event_flow,83
event_flow,108
event_flow,117
event_flow,121
event_flow,111
event_flow,97
event_flow,110
event_flow,120
event_flow,119
event_flow,114
event_flow,103
event_flow,87
event_flow,105
event_flow,108
event_flow,120
event_flow,116
event_flow,103
event_flow,109
event_flow,110
event_flow,94
event_flow,91
event_flow,98
event_flow,102
event_flow,107
event_flow,101
event_flow,89
event_flow,88
event_flow,90
event_flow,103
event_flow,97
event_flow,107
event_flow,89
event_flow,106
event_flow,99
event_flow,104
event_flow,80
event_flow,104
event_flow,91
event_flow,105
event_flow,84
event_flow,105
event_flow,96
event_flow,106
event_flow,118
event_flow,116
event_flow,120
event_flow,102
event_flow,114
event_flow,112
event_flow,110
event_flow,89
event_flow,115
event_flow,124
event_flow,118
event_flow,96
event_flow,86
event_flow,67
event_flow,60
event_flow,70
event_flow,59
event_flow,70
event_flow,69
event_flow,56
event_flow,57
event_flow,61
event_flow,52
event_flow,66
event_flow,65
event_flow,61
event_flow,66
event_flow,61
event_flow,64
event_flow,65
event_flow,69
event_flow,75
event_flow,79
event_flow,63
event_flow,57
event_flow,70
event_flow,75
event_flow,60
event_flow,59
event_flow,57
event_flow,58
event_flow,66
event_flow,73
event_flow,53
event_flow,64
event_flow,71
event_flow,62
event_flow,158
event_flow,84
event_flow,64
event_flow,58
event_flow,82
event_flow,59
event_flow,61
event_flow,58
event_flow,67
event_flow,68
event_flow,72
event_flow,60
event_flow,60
event_flow,63
event_flow,65
event_flow,61
event_flow,67
event_flow,59
event_flow,58
event_flow,68
event_flow,52
event_flow,59
event_flow,90
event_flow,194
event_flow,240
event_flow,160
event_flow,67
event_flow,69
event_flow,71
event_flow,70
event_flow,68
event_flow,66
event_flow,74
event_flow,64
event_flow,61
event_flow,67
event_flow,81
event_flow,67
event_flow,63
event_flow,63
event_flow,53
event_flow,63
event_flow,53
event_flow,62
event_flow,50
event_flow,64
event_flow,55
event_flow,54
event_flow,50
event_flow,66
event_flow,58
event_flow,49
event_flow,59
event_flow,59
event_flow,75
event_flow,50
event_flow,58
event_flow,50
event_flow,58
event_flow,59
event_flow,60
event_flow,53
event_flow,74
event_flow,49
event_flow,57
event_flow,66
event_flow,78
event_flow,72
event_flow,78
event_flow,100
event_flow,61
event_flow,47
event_flow,53
event_flow,58
event_flow,60
event_flow,61
event_flow,56
event_flow,57
event_flow,60
event_flow,94
event_flow,59
event_flow,61
event_flow,62
event_flow,82
event_flow,54
event_flow,60
event_flow,60
event_flow,64
event_flow,50
event_flow,55
event_flow,53
event_flow,54
event_flow,58
event_flow,55
event_flow,58
event_flow,58
event_flow,52
event_flow,53
event_flow,57
event_flow,56
event_flow,54
event_flow,53
event_flow,49
event_flow,55
event_flow,57
event_flow,54
event_flow,47
event_flow,57
event_flow,54
event_flow,58
event_flow,53
event_flow,63
event_flow,52
event_flow,61
event_flow,55
event_flow,54
event_flow,46
event_flow,53
event_flow,51
event_flow,59
event_flow,44
event_flow,61
event_flow,49
event_flow,55
event_flow,38
event_flow,45
event_flow,63
event_flow,52
event_flow,67
event_flow,56
event_flow,46
event_flow,50
event_flow,49
event_flow,44
event_flow,58
event_flow,59
event_flow,46
event_flow,47
event_flow,66
event_flow,52
event_flow,80
event_flow,54
event_flow,58
event_flow,57
event_flow,52
event_flow,74
event_flow,69
event_flow,73
event_flow,54
event_flow,52
event_flow,56
event_flow,75
event_flow,52
event_flow,49
event_flow,47
event_flow,48
event_flow,59
event_flow,100
event_flow,58
event_flow,76
event_flow,79
event_flow,64
event_flow,56
event_flow,79
event_flow,59
event_flow,61
event_flow,54
event_flow,53
event_flow,100
event_flow,54
event_flow,62
event_flow,57
event_flow,61
event_flow,51
event_flow,61
event_flow,54
event_flow,53
event_flow,56
event_flow,57
event_flow,63
event_flow,49
event_flow,47
event_flow,61
event_flow,53
event_flow,55
event_flow,62
event_flow,162
event_flow,68
event_flow,63
event_flow,53
event_flow,69
event_flow,49
event_flow,50
event_flow,58
event_flow,49
event_flow,58
event_flow,53
event_flow,126
event_flow,125
event_flow,51
event_flow,58
event_flow,48
event_flow,48
event_flow,50
event_flow,47
event_flow,55
event_flow,56
event_flow,48
event_flow,52
event_flow,55
event_flow,52
event_flow,56
event_flow,42
event_flow,48
event_flow,145
event_flow,54
event_flow,54
event_flow,56
event_flow,48
event_flow,58
event_flow,42
event_flow,50
event_flow,52
event_flow,57
event_flow,62
event_flow,58
event_flow,47
event_flow,119
event_flow,54
event_flow,47
event_flow,49
event_flow,44
